{
  "кринж": {
    "normal": "стыдно, неловко",
    "explanation": "Ситуация, которая вызывает чувство стыда или неловкости"
  },
  "рофл": {
    "normal": "смешно",
    "explanation": "Аббревиатура от 'rolling on the floor laughing' - очень смешно"
  },
  "лол": {
    "normal": "смешно",
    "explanation": "Аббревиатура от 'laughing out loud' - громко смеюсь"
  },
  "кек": {
    "normal": "смешно",
    "explanation": "Выражение смеха, обычно ироничного"
  },
  "омг": {
    "normal": "боже мой",
    "explanation": "Аббревиатура от 'oh my god' - боже мой"
  },
  "брух": {
    "normal": "брат",
    "explanation": "Обращение к другу, товарищу"
  },
  "чел": {
    "normal": "человек",
    "explanation": "Сокращение от 'человек'"
  },
  "чувак": {
    "normal": "парень",
    "explanation": "Обращение к мужчине"
  },
  "чувиха": {
    "normal": "девушка",
    "explanation": "Обращение к женщине"
  },
  "кайф": {
    "normal": "удовольствие",
    "explanation": "Состояние удовольствия, наслаждения"
  },
  "прикол": {
    "normal": "шутка",
    "explanation": "Что-то смешное, забавное"
  },
  "фигня": {
    "normal": "ерунда",
    "explanation": "Что-то неважное, несерьезное"
  },
  "круто": {
    "normal": "отлично",
    "explanation": "Выражение одобрения"
  },
  "жесть": {
    "normal": "ужас",
    "explanation": "Что-то очень плохое или страшное"
  },
  "зашквар": {
    "normal": "позор",
    "explanation": "Что-то постыдное, недостойное"
  },
  "хайп": {
    "normal": "ажиотаж",
    "explanation": "Повышенное внимание к чему-либо"
  },
  "флекс": {
    "normal": "хвастовство",
    "explanation": "Демонстрация своих достижений"
  },
  "сасный": {
    "normal": "крутой",
    "explanation": "Очень хороший, отличный"
  },
  "пруф": {
    "normal": "доказательство",
    "explanation": "Подтверждение, доказательство"
  },
  "фейк": {
    "normal": "подделка",
    "explanation": "Что-то ненастоящее, поддельное"
  },
  "топ": {
    "normal": "лучший",
    "explanation": "Что-то очень хорошее"
  },
  "бот": {
    "normal": "бот",
    "explanation": "Автоматизированная программа"
  },
  "апвоут": {
    "normal": "лайк",
    "explanation": "Положительная оценка"
  },
  "даунвоут": {
    "normal": "дизлайк",
    "explanation": "Отрицательная оценка"
  },
  "репост": {
    "normal": "перепост",
    "explanation": "Повторная публикация"
  },
  "мем": {
    "normal": "шутка",
    "explanation": "Смешная картинка или видео"
  },
  "мейнстрим": {
    "normal": "популярное",
    "explanation": "Что-то популярное среди масс"
  },
  "инди": {
    "normal": "независимое",
    "explanation": "Что-то независимое, некоммерческое"
  },
  "хипстер": {
    "normal": "модник",
    "explanation": "Человек, следующий модным тенденциям"
  },
  "рэп": {
    "normal": "речитатив",
    "explanation": "Музыкальный стиль с речитативом"
  },
  "бит": {
    "normal": "ритм",
    "explanation": "Музыкальный ритм"
  },
  "микс": {
    "normal": "смесь",
    "explanation": "Смешение разных элементов"
  },
  "ремикс": {
    "normal": "переделка",
    "explanation": "Новая версия музыкальной композиции"
  },
  "кавер": {
    "normal": "перепевка",
    "explanation": "Исполнение чужой песни"
  },
  "фит": {
    "normal": "совместная работа",
    "explanation": "Совместное выступление артистов"
  },
  "фича": {
    "normal": "особенность",
    "explanation": "Отличительная черта"
  },
  "баг": {
    "normal": "ошибка",
    "explanation": "Ошибка в программе"
  },
  "фикс": {
    "normal": "исправление",
    "explanation": "Устранение ошибки"
  },
  "апдейт": {
    "normal": "обновление",
    "explanation": "Новая версия программы"
  },
  "патч": {
    "normal": "заплатка",
    "explanation": "Небольшое обновление"
  },
  "код": {
    "normal": "программа",
    "explanation": "Исходный код программы"
  },
  "дебаг": {
    "normal": "отладка",
    "explanation": "Поиск и исправление ошибок"
  },
  "компил": {
    "normal": "компиляция",
    "explanation": "Преобразование кода в программу"
  },
  "рантайм": {
    "normal": "время выполнения",
    "explanation": "Время работы программы"
  },
  "интерфейс": {
    "normal": "поверхность",
    "explanation": "Пользовательский интерфейс"
  },
  "юзать": {
    "normal": "использовать",
    "explanation": "Применять что-либо"
  },
  "заюзать": {
    "normal": "использовать",
    "explanation": "Применить что-либо"
  },
  "залогиниться": {
    "normal": "войти",
    "explanation": "Войти в систему"
  },
  "залогаутиться": {
    "normal": "выйти",
    "explanation": "Выйти из системы"
  },
  "зарегаться": {
    "normal": "зарегистрироваться",
    "explanation": "Создать аккаунт"
  },
  "забанить": {
    "normal": "заблокировать",
    "explanation": "Запретить доступ"
  },
  "разбанить": {
    "normal": "разблокировать",
    "explanation": "Разрешить доступ"
  },
  "замутить": {
    "normal": "сделать",
    "explanation": "Создать что-либо"
  },
  "норм": {
    "normal": "нормально",
    "explanation": "Хорошо, приемлемо"
  },
  "окей": {
    "normal": "хорошо",
    "explanation": "Согласие, одобрение"
  },
  "ок": {
    "normal": "хорошо",
    "explanation": "Сокращение от 'окей'"
  },
  "спс": {
    "normal": "спасибо",
    "explanation": "Сокращение от 'спасибо'"
  },
  "пж": {
    "normal": "пожалуйста",
    "explanation": "Сокращение от 'пожалуйста'"
  },
  "пжлст": {
    "normal": "пожалуйста",
    "explanation": "Сокращение от 'пожалуйста'"
  },
  "пжл": {
    "normal": "пожалуйста",
    "explanation": "Сокращение от 'пожалуйста'"
  },
  "плз": {
    "normal": "пожалуйста",
    "explanation": "Сокращение от 'please' (английское)"
  },
  "пж": {
    "normal": "пожалуйста",
    "explanation": "Сокращение от 'пожалуйста'"
  },
  "щас": {
    "normal": "сейчас",
    "explanation": "Сокращение от 'сейчас'"
  },
  "ща": {
    "normal": "сейчас",
    "explanation": "Сокращение от 'сейчас'"
  },
  "щаз": {
    "normal": "сейчас",
    "explanation": "Сокращение от 'сейчас'"
  },
  "щас": {
    "normal": "сейчас",
    "explanation": "Сокращение от 'сейчас'"
  },
  "ща": {
    "normal": "сейчас",
    "explanation": "Сокращение от 'сейчас'"
  },
  "щаз": {
    "normal": "сейчас",
    "explanation": "Сокращение от 'сейчас'"
  },
  "щас": {
    "normal": "сейчас",
    "explanation": "Сокращение от 'сейчас'"
  },
  "ща": {
    "normal": "сейчас",
    "explanation": "Сокращение от 'сейчас'"
  },
  "щаз": {
    "normal": "сейчас",
    "explanation": "Сокращение от 'сейчас'"
  },
  "щас": {
    "normal": "сейчас",
    "explanation": "Сокращение от 'сейчас'"
  },
  "ща": {
    "normal": "сейчас",
    "explanation": "Сокращение от 'сейчас'"
  },
  "щаз": {
    "normal": "сейчас",
    "explanation": "Сокращение от 'сейчас'"
  }
}
